Members,Dmg,P1,P2,P3,P4,P5,Boss
BIGBOOBA,4094,Crown,Liter,SBS,Alice,Clay(1/1/1),Thermite B
BISMARCK,5557,Crown,Liter,SBS,Alice,Clay(1/1/1),Thermite B
BISMARCK,5469,Crown,Liter,SBS,Mana,Clay(1/1/1),Thermite B
BISMARCK,5606,Crown,Liter,SBS,Mana,Noir,Thermite B
DISTORSI,8171,Crown,Liter,SBS,Alice,Clay(1/1/1),Thermite B
DISTORSI,6958,Crown,Liter,SBS,Mana(1/1/1),Noir,Thermite B
DISTORSI,4673,Blanc,Liter,SBS,Mana(1/1/1),Noir,Thermite B
DISTORSI,7020,Crown,Liter,SBS,Alice,Noir,Thermite B
DISTORSI,5808,mMast,Liter,SBS,Alice,mAnchor,Thermite B
DISTORSI,6217,Crown,Liter,SBS,wAsuka (1/1/1),Clay(1/1/1),Thermite B
DISTORSI,5096,Blanc,Liter,SBS,Noir,Clay(1/1/1),Thermite B
DISTORSI,7696,Crown,Liter,SBS,Alice,Naga,Thermite B
DISTORSI,9387,Crown,RapiRH,SBS,Alice,Naga,Thermite B
DISTORSI,9463,Crown,RapiRH,SBS,Alice,Clay(1/1/1),Thermite B
DISTORSI,5463,sRosanna,Liter,SBS,Alice,Clay(1/1/1),Thermite B
DISTORSI,7739,Grave,Liter,SBS,Alice,Clay(1/1/1),Thermite B
DISTORSI,4935,Cindy,Rouge,sAnis,Mari,Clay(1/1/1),Thermite B
DOOM,6831,Grave,Liter,SBS,Alice,Clay(1/1/1),Thermite B
FELUNA,7111,Crown,Liter,SBS,Alice,Clay(1/1/1),Thermite B
FELUNA,4198,Volume,mMast,SBS,Alice,mAnchor,Thermite B
FELUNA,7226,Crown,RapiRH,SBS,Alice,Naga,Thermite B
FELUNA,4663,Crown,Liter,S.Sakura,Asuka:Wille,Naga,Thermite B
FTD,9994,Crown,Liter,SBS,Alice,Clay(1/1/1),Thermite B
FTD,8273,Crown,Liter,SBS,Mana,Noir,Thermite B
HELIOS,4752,Grave,Liter,SBS,Alice,Clay(1/1/1),Thermite B
IMNORMI,5427,Crown,Liter,SBS,Alice,Clay(1/1/1),Thermite B
IMNORMI,4461,Crown,Liter,SBS,Alice,MAnchor,Thermite B
IMNORMI,4202,Crown,Liter,SBS,Alice,Noir,Thermite B
IMNORMI,5118,Crown,Liter,SBS,Alice,Naga,Thermite B
IMNORMI,3822,mMast,Liter,SBS,Alice,MAnchor,Thermite B
IMNORMI,3942,Grave,Liter,SBS,Alice,MAnchor,Thermite B
JARGHA,5729,Crown,Liter,SBS,Alice,Clay(1/1/1),Thermite B
JARGHA,5922,Crown,Liter,SBS,Alice,Naga,Thermite B
JARGHA,4667,Crown,Liter,SBS,Alice,Privaty,Thermite B
JARGHA,6053,Crown,Liter,SBS,Mana,Noir,Thermite B
JARGHA,6000,Crown,Liter,SBS,Mana,Clay(1/1/1),Thermite B
JARGHA,6178,Crown,RapiRH,SBS,Mana,Noir,Thermite B
KISHI,7331,Crown,Liter,SBS,Alice,Clay(1/1/1),Thermite B
MINT,7450,Grave,Liter,SBS,Alice,Clay(1/1/1),Thermite B
MOS,6791,Crown,Liter,SBS,Alice,Clay(1/1/1),Thermite B
MOS,6356,Crown,Liter,SBS,Mana,Noir,Thermite B
MOS,6449,Grave,Liter,SBS,Alice,Clay(1/1/1),Thermite B
NEKO,4260,Crown,Liter,SBS,Alice,Clay(1/1/1),Thermite B
NOVASONI,6328,Crown,Liter,SBS,Alice,Clay(1/1/1),Thermite B
RHEAX,4489,Crown,Liter,SBS,Alice,Clay(1/1/1),Thermite B
SHAIZUKO,4087,Crown,Liter,SBS,Alice,Clay(1/1/1),Thermite B
SHRIMP,4158,Crown,Liter,SBS,Crown,Clay(1/1/1),Thermite B
TISTREE,5360,Crown,Liter,SBS,Alice,Clay(1/1/1),Thermite B
TISTREE,3938,mMast,Liter,SBS,Alice,mAnchor,Thermite B
TISTREE,5272,Grave,Liter,SBS,Alice,Clay(1/1/1),Thermite B
TYLER,4056,Crown,Liter,SBS,Alice,Clay(1/1/1),Thermite B
TYLER,4101,Crown,Liter,SBS,Mana,Noir,Thermite B
TYLER,3714,Crown,Liter,SBS,Alice,Noir,Thermite B
TYLER,3252,Crown,Dkw,SBS,Alice,Noir,Thermite B
TYLER,3560,Grave,Liter,SBS,Alice,Noir,Thermite B
VIOLE,4808,Crown,Liter,SBS,Alice,Clay(1/1/1),Thermite B
VIOLE,4314,Grave,Liter,SBS,Alice,Clay(1/1/1),Thermite B
WELT,5745,Crown,Liter,SBS,Alice,Clay(1/1/1),Thermite B
ZAKELIS,4561,Crown,Liter,SBS,Alice,Clay(1/1/1),Thermite B
ZAKELIS,4887,Crown,Liter,SBS,Mana,Clay(1/1/1),Thermite B
ZAKELIS,5227,Crown,Liter,SBS,Mana,Noir,Thermite B
ZAKELIS,4361,Crown,Liter,SBS,Asuka:WILLE (4/4/4),Noir,Thermite B
LULU,3857,Crown,SBS,Alice,Liter,Naga,Thermite B
BIGBOOBA,7537,Crown,DKW,RapiRH,RH,Naga,Mace
BISMARCK,8017,Crown,DKW,RapiRH,RH,Naga,Mace
BISMARCK,8782,Crown,Liter,RapiRH,RH,Naga,Mace
BISMARCK,4587,Grave,RapiRH,RH,Maxwell,sHelm,Mace
BISMARCK,4141,Blanc,RapiRH,RH,Maxwell,Noir,Mace
BISMARCK,5218,Grave,Liter,RapiRH,RH,sHelm,Mace
,5602,Tia,Naga,DKW,RH,RapiRH,Mace
DISTORSI,15013,Crown,DKW,RapiRH,RH,Naga,Mace
DISTORSI,13762,Crown,RapiRH,RH,Maxwell,Naga,Mace
DISTORSI,16454,Crown,Liter,RapiRH,RH,Naga,Mace
DISTORSI,11013,Tia,Naga,DKW,RapiRH,RH,Mace
DISTORSI,9056,Naga,DKW,RapiRH,RH,sHelm,Mace
DISTORSI,12411,Crown,RapiRH,RH,Laplace,Naga,Mace
DISTORSI,12735,Crown,Volume,RapiRH,RH,Naga,Mace
DISTORSI,11599,Blanc,Liter,RapiRH,RH,Noir,Mace
DISTORSI,5410,Cindy,Rouge,sAnis,Mari,xMaiden,Mace
DOOM,10340,Crown,DKW,RapiRH,RH,Naga,Mace
DOOM,11521,Crown,Liter,RapiRH,RH,Naga,Mace
FELUNA,7918,Crown,DKW,RapiRH,RH,Naga,Mace
FTD,13658,Crown,Liter,RapiRH,RH,Naga,Mace
HELIOS,10000,Crown,RapiRH,RH,Maxwell,Naga,Mace
IMNORMI,9264,Crown,DKW,RapiRH,RH,Naga,Mace
IMNORMI,10088,Crown,Liter,RapiRh,RH,Naga,Mace
JARGHA,8504,Crown,DKW,RapiRH,RH,Naga,Mace
JARGHA,8790,Crown,Liter,RapiRH,RH,Naga,Mace
JARGHA,8712,Crown,RapiRH,RH,Maxwell,Naga,Mace
JARGHA,7466,Grave,RapiRH,RH,Maxwell,sHelm,Mace
JARL,4019,Graves,DKW,RapiRH,RH,Naga,Mace
KISHI,13821,Crown,DKW,RapiRH,RH,Naga,Mace
MINT,13215,Crown,RapiRH,RH,Maxwell,Naga,Mace
MINT,10757,Grave,RapiRH,RH,Maxwell,sHelm,Mace
MOS,9031,Crown,DKW,RapiRH,RH,Naga,Mace
MOS,8247,Crown,RapiRH,RH,Maxwell,Naga,Mace
NEKO,7329,Crown,DKW,RapiRH,RH,Naga,Mace
NOVASONI,9985,Crown,DKW,RapiRH,RH,Naga,Mace
NOVASONI,8325,grave,DKW,RapiRH,RH,helm,Mace
RHEAX,6780,Crown,DKW,RapiRH,RH,Naga,Mace
SHAIZUKO,7314,Crown,DKW,RapiRH,RH,Naga,Mace
SHRIMP,5700,Crown,DKW,RapiRH,Crown,Naga,Mace
TISTREE,8670,Crown,Liter,RapiRH,RH,Naga,Mace
TISTREE,6908,Crown,RapiRH,RH,Maxwell,Naga,Mace
TYLER,5758,Crown,DKW,RapiRH,RH,Naga,Mace
TYLER,6713,Crown,RapiRH,RH,Maxwell,Naga,Mace
TYLER,5050,Grave,RapiRH,RH,Maxwell,sHelm,Mace
VIOLE,9114,Crown,DKW,RapiRH,RH,Naga,Mace
VIOLE,6164,Grave,DKW,RapiRH,RH,Naga,Mace
WELT,8656,Crown,DKW,RapiRH,RH,Naga,Mace
WELT,8024,Crown,RapiRH,RH,Maxwell,Naga,Mace
ZAKELIS,9108,Crown,DKW,RapiRH,RH,Naga,Mace
ZLOI,7626,Crown,DKW,RapiRH,RH,Naga,Mace
ZLOI,7080,Crown,RapiRH,RH,Maxwell,Naga,Mace
ZLOI,8274,Crown,Liter,RapiRH,RH,Naga,Mace
LULU,6856,Crown,DKW,RapiRH,RH,Naga,Mace
BIGBOOBA,5248,Cindy,Rouge,sAnis,xMaiden,Mari,Alexander
BISMARCK,7703,Cindy,Rouge,sAnis,xMaiden,Mari,Alexander
DISTORSI,13514,Cindy,Rouge,sAnis,xMaiden,Mari,Alexander
DISTORSI,15875,Cindy,Rouge,sAnis,xMaiden,Crown,Alexander
DISTORSI,11462,Crown,Exia,Ein,sAnis,DKW,Alexander
DOOM,9726,Cindy,Rouge,sAnis,xMaiden,Mari,Alexander
FELUNA,9529,Cindy,Rouge,sAnis,xMaiden,Mari,Alexander
FELUNA,10490,Cindy,Rouge,xMaiden,Crown,sAnis,Alexander
FTD,9914,Cindy,Rouge,sAnis,xMaiden,Mari,Alexander
HELIOS,8431,Cindy,Rouge,sAnis,xMaiden,Mari,Alexander
IMNORMI,8834,Cindy,Rouge,sAnis,xMaiden,Mari,Alexander
JARGHA,10061,Cindy,Rouge,sAnis,xMaiden,Mari,Alexander
JARGHA,9747,Cindy,Rouge,sAnis,xMaiden,Crown,Alexander
JARL,11762,Cindy,Rouge,sAnis,xMaiden,Mari,Alexander
KISHI,11662,Cindy,Rouge,sAnis,xMaiden,Mari,Alexander
MINT,12515,Cindy,Rouge,sAnis,xMaiden,Mari,Alexander
MOS,8214,Cindy,Rouge,sAnis,xMaiden,Mari,Alexander
MOS,10190,Cindy,Rouge,sAnis,xMaiden,Crown,Alexander
NEKO,6257,Cindy,Rouge,sAnis,xMaiden,Mari,Alexander
NOVASONI,10123,Cindy,Rouge,sAnis,xMaiden,Mari,Alexander
RHEAX,6583,Cindy,Rouge,sAnis,xMaiden,Mari,Alexander
SHAIZUKO,5952,Cindy,Rouge,sAnis,xMaiden,Mari,Alexander
SHRIMP,5252,Cindy,Rouge,sAnis,Crown,Mari,Alexander
TISTREE,8713,Cindy,Rouge,sAnis,xMaiden,Mari,Alexander
TYLER,6402,Cindy,Rouge,sAnis,xMaiden,Mari,Alexander
TYLER,7677,Cindy,Rouge,sAnis,xMaiden,Crown,Alexander
TYLER,7350,Cindy,Rouge,sAnis,Ein,Crown,Alexander
TYLER,6018,Cindy,Rouge,sAnis,Ein,Mari,Alexander
TYLER,6150,Cindy,Rouge,sAnis,xMaiden,Blanc,Alexander
VIOLE,6930,Cindy,Rouge,sAnis,xMaiden,Mari,Alexander
WELT,8833,Cindy,Rouge,sAnis,xMaiden,Mari,Alexander
ZAKELIS,9671,Cindy,Rouge,sAnis,xMaiden,Mari,Alexander
ZAKELIS,10822,Cindy,Rouge,sAnis,Crown,Mari,Alexander
ZLOI,9607,Cindy,Rouge,sAnis,xMaiden,Mari,Alexander
LULU,5592,Cindy,Rouge,xMaiden,Mari,sAnis,Alexander
BIGBOOBA,3704,Grave,RapiRH,Asuka,Rei,Mod,Rb Fingers
BISMARCK,6347,Grave,RapiRH,Asuka,Rei,Mod,Rb Fingers
BISMARCK,9692,Crown,Asuka,Alice,RapiRH,Naga,Rb Fingers
DISTORSI,13098,Grave,RapiRH,Asuka,Rei,Mod,Rb Fingers
DISTORSI,13379,Grave,DKW,RapiRH,Rei,Mod,Rb Fingers
DISTORSI,12780,Grave,RapiRH,Alice,SBS,Mod,Rb Fingers
DISTORSI,17193,Crown,Liter,Alice,RapiRH,Naga,Rb Fingers
DISTORSI,10813,Grave,Liter,Alice,SBS,Mod,Rb Fingers
DISTORSI,10527,Grave,Liter,Alice,Asuka,Mod,Rb Fingers
DISTORSI,12670,Grave,DKW,Alice,RapiRH,Mod,Rb Fingers
DISTORSI,12069,Grave,DKW,Alice,RapiRH,Naga,Rb Fingers
DISTORSI,12655,Grave,RapiRH,Alice,Asuka,Mod,Rb Fingers
DISTORSI,12229,Grave,RapiRH,Alice,Rei,Mod,Rb Fingers
DISTORSI,6256,Cindy,Rouge,sAnis,Mari,xMaiden,Rb Fingers
DOOM,9615,Grave,Liter,Alice,SBS,Mod,Rb Fingers
DOOM,10138,Grave,RapiRH,Alice,SBS,Mod,Rb Fingers
FELUNA,8551,Grave,RapiRH,Asuka,Rei,Mod,Rb Fingers
FELUNA,10443,RapiRH,Crown,Alice,SBS,Naga,Rb Fingers
FELUNA,8237,Crown,RapiRH,Alice,Asuk,Naga,Rb Fingers
FTD,11116,Grave,RapiRH,Alice,SBS,Mod,Rb Fingers
HELIOS,6800,Grave,Liter,RapiRH,Alice,Mod,Rb Fingers
HELIOS,10100,Crown,Liter,RapiRH,Alice,Naga,Rb Fingers
IMNORMI,7471,Grave,RapiRH,Asuka,Rei,Mod,Rb Fingers
IMNORMI,7062,Grave,DKW,RapiRH,Rei,Mod,Rb Fingers
IMNORMI,11759,Crown,Asuka,Alice,RapiRH,Naga,Rb Fingers
JARGHA,4899,Grave,RapiRH,Asuka,Rei,Mod,Rb Fingers
JARGHA,4639,Grave,DKW,RapiRH,Rei,Mod,Rb Fingers
JARGHA,8164,Grave,RapiRH,Alice,SBS,Mod,Rb Fingers
JARGHA,6629,Grave,RapiRH,Alice,Asuka,Mod,Rb Fingers
JARGHA,10256,Crown,RapiRH,Alice,SBS,Naga,Rb Fingers
KISHI,10443,Grave,RapiRH,Asuka,Rei,Mod,Rb Fingers
MINT,9000,Grave,RapiRH,Asuka,Rei,Mod,Rb Fingers
MINT,8021,Grave,RapiRH,Asuka,Rei,Privaty,Rb Fingers
MINT,11821,Crown,Liter,RapiRH,Asuka,Helm,Rb Fingers
MINT,10805,Grave,RapiRH,Alice,SBS,Mod,Rb Fingers
MOS,7595,Grave,RapiRH,Asuka,Rei,Mod,Rb Fingers
MOS,8283,Grave,DKW,RapiRH,Rei,Mod,Rb Fingers
MOS,9564,Grave,RapiRH,Alice,SBS,Mod,Rb Fingers
NEKO,4824,Grave,RapiRH,Asuka,Rei,Mod,Rb Fingers
NEKO,5786,Grave,DKW,RapiRH,Rei,Mod,Rb Fingers
NOVASONI,8122,Grave,RapiRH,Asuka,Rei,Mod,Rb Fingers
RHEAX,5506,Grave,RapiRH,Asuka,Alice,Mod,Rb Fingers
SHAIZUKO,4323,Grave,RapiRH,Asuka,Rei,Mod,Rb Fingers
SHRIMP,4806,Grave,RapiRH,Asuka,Crown,Mod,Rb Fingers
TISTREE,5820,Grave,DKW,RapiRH,Rei,Mod,Rb Fingers
TISTREE,7835,Grave,RapiRH,Alice,SBS,Mod,Rb Fingers
TYLER,4854,Grave,RapiRH,Asuka,Rei,Mod,Rb Fingers
TYLER,5424,Grave,DKW,RapiRH,Rei,Mod,Rb Fingers
TYLER,6530,Grave,Liter,Alice,SBS,Mod,Rb Fingers
TYLER,6627,Grave,RapiRH,Alice,SBS,Mod,Rb Fingers
VIOLE,6266,Grave,Liter,Asuka,Rei,Mod,Rb Fingers
VIOLE,6017,Grave,DKW,Alice,Asuka,Mod,Rb Fingers
WELT,6450,Grave,RapiRH,Asuka,Rei,Mod,Rb Fingers
ZAKELIS,7555,Grave,RapiRH,Asuka,Rei,Mod,Rb Fingers
ZAKELIS,6458,Grave,Asuka,2B,RapiRH,Naga,Rb Fingers
ZAKELIS,8726,Grave,Asuka,RapiRH,Liter,Naga,Rb Fingers
ZAKELIS,11445,Crown,Asuka,Alice,RapiRH,Naga,Rb Fingers
ZAKELIS,10940,Crown,Liter,Alice,RapiRH,Naga,Rb Fingers
ZLOI,7622,Grave,RapiRH,Alice,SBS,Mod,Rb Fingers
ZLOI,7165,Grave,Liter,Alice,SBS,Mod,Rb Fingers
LULU,4822,Grave,RapiRH,Asuka,DKW,Mod,Rb Fingers
LULU,4674,Grave,SBS,Alice,Liter,Mod,Rb Fingers
BIGBOOBA,2866,Grave,Liter,Quency,xLud,Helm,Harvester
BISMARCK,3054,Grave,Liter,Quency,xLud,Helm,Harvester
BISMARCK,2951,mMast,Liter,Quency,xLud,mAnchor,Harvester
BISMARCK,2865,quency,rouge,Lewdmilla,blanc,RH,Harvester
BISMARCK,3071,Cindy,Rouge,SAnis,xMaiden,Mari,Harvester
,2716,Tia,DKW,Lewdmilla,Quency,Naga,Harvester
DISTORSI,8753,Grave,Liter,Quency,xLud,Helm,Harvester
DISTORSI,11059,Crown,RapiRH,Quency,xLud,Helm,Harvester
DISTORSI,6901,mMast,Liter,Quency,xLud,mAnchor,Harvester
DISTORSI,5673,Doro,Rem,Quency,xLud,Helm,Harvester
DISTORSI,5897,Doro,sRosanna,Quency,xLud,Helm,Harvester
DISTORSI,6587,mMast,Doro,Quency,xLud,mAnchor,Harvester
DISTORSI,5380,Blanc,Doro,Quency,xLud,Noir,Harvester
DISTORSI,10361,Crown,Liter,Quency,xLud,Helm,Harvester
DISTORSI,8608,Crown,Doro,Quency,xLud,Helm,Harvester
DISTORSI,6503,Grave,Doro,Quency,xLud,Helm,Harvester
DISTORSI,8809,Grave,RapiRH,Quency,xLud,Helm,Harvester
DISTORSI,7436,Grave,Volume,Quency,xLud,Helm,Harvester
DISTORSI,5510,Cindy,Rouge,sAnis,Mari,xMaiden,Harvester
DOOM,4733,Grave,Liter,Quency,xLud,Helm,Harvester
DOOM,5462,Crown,Liter,xLud,Quency,Helm,Harvester
DOOM,5695,Crown,RapiRH,xLud,Quency,Helm,Harvester
FELUNA,4163,Grave,Liter,Quency,xLud,Helm,Harvester
FELUNA,6250,Crown,Liter,Viper(T),xGuillotine,xLud,Harvester
FELUNA,4495,Grave,Liter,xGuillotine,xLudmilla,EQ:Quency,Harvester
FELUNA,5696,Grave,Liter,Viper(T),xGuillotine,xLudmilla,Harvester
FTD,5951,Viper,Liter,xLud,Quency,Crown,Harvester
FTD,6631,Viper,RapiRH,xLud,Quency,Crown,Harvester
HELIOS,4127,Crown,RapiRH,Quency,Xlud,Helm,Harvester
IMNORMI,3667,Grave,Liter,Quency,xLud,Helm,Harvester
IMNORMI,3439,MMast,Liter,Quency,xLud,MAnchor,Harvester
IMNORMI,2767,MMast,Liter,Quency,xGuilo,MAnchor,Harvester
IMNORMI,3515,Grave,Liter,Quency,RH,Helm,Harvester
JARGHA,3288,Grave,Liter,Quency,xLud,Helm,Harvester
JARGHA,3236,B.Alice,Liter,Quency,xLud,Grave,Harvester
JARGHA,3465,Crown,Doro,Quency,xLud,Naga,Harvester
JARGHA,3408,Crown,Liter,Quency,xLud,Naga,Harvester
JARL,5061,viper,crown,RapiRH,Helm,Qeq,Harvester
JARL,5093,viper,crown,Liter,helm,Qeq,Harvester
KISHI,8166,Grave,Liter,Quency,xLud,Helm,Harvester
MINT,8751,Viper,RapiRH,Helm,xLud,Crown,Harvester
MINT,4497,mMast,Doro,Quency,RH,mAnchor,Harvester
MOS,4417,Grave,Liter,Quency,xLud,Helm,Harvester
MOS,5637,Crown,RapiRH,Quency,xLud,Helm,Harvester
MOS,3212,mMast,Liter,Quency,xLud,mAnchor,Harvester
MOS,5034,Crown,Liter,Quency,xLud,Helm,Harvester
NEKO,1987,Grave,Liter,Quency,xLud,Helm,Harvester
NOVASONI,5571,Crown,Rapipi,Helm,xLud,naga,Harvester
RHEAX,3624,Grave,Liter,Quency,xLud,Helm,Harvester
RHEAX,3647,Grave,Dorothy,Quency,xLud,Privaty,Harvester
RHEAX,4204,Grave,Liter,Quency,Helm,xLud,Harvester
RHEAX,4749,Crown,Dorothy,xLud,Helm,Privaty,Harvester
SHAIZUKO,2396,Grave,Liter,Quency,xLud,Helm,Harvester
TISTREE,4558,Crown,Liter,xLud,Quency,Helm,Harvester
TISTREE,5192,Crown,RapiRH,xLud,Quency,Helm,Harvester
TISTREE,3943,Grave,Liter,xLud,Quency,Helm,Harvester
TYLER,2693,Grave,Liter,Quency,xLud,Helm,Harvester
TYLER,2904,Crown,Liter,Quency,xLud,Helm,Harvester
TYLER,2473,mMast,Liter,Quency,xLud,mAnchor,Harvester
TYLER,2965,Crown,RapiRH,Quency,xLud,Helm,Harvester
VIOLE,6501,Viper,Crown,Helm,xLud,Liter,Harvester
VIOLE,6734,Viper,Crown,Helm,xLud,RapiRH,Harvester
WELT,4182,Grave,Liter,Quency,xLud,Helm,Harvester
ZAKELIS,5139,Crown,RapiRH,xLud,Quency,Naga,Harvester
ZAKELIS,3501,Grave,Dorothy,xLud,Quency,Helm,Harvester
ZLOI,3537,Crown,RapiRH,xLud,Quency,Helm,Harvester
LULU,3646,Grave,Liter,Quency,xLud,Helm,Harvester
LULU,3991,Crown,Liter,Quency,xLud,Helm,Harvester